{"loss":{"train":1.236637528842881,"val":1.184756172911186},"_wandb":{"runtime":227},"acc":{"val":0.4349359859453949,"train":0.43309477859542084},"_timestamp":1.742367494828623e+09,"_runtime":227.274141236,"_step":5}