{"Validation Accuracy":0.42717526163823805,"_wandb":{"runtime":256},"Validation Loss":1.2095833433882255,"Train Accuracy":0.4513304550035865,"Epoch":3,"_step":5,"_timestamp":1.7422199308290553e+09,"Train Loss":1.232410703436815,"_runtime":256.168608663}