{"_timestamp":1.742220573307634e+09,"_runtime":251.207079642,"_step":5,"Loss":1.2344054771383954,"oss":1.171376110173532,"_wandb":{"runtime":251},"Accuracy":0.4160892469767432,"Epoch":3}