{"Validation Accuracy":0.42861019265284095,"_timestamp":1.7422193608714094e+09,"Validation Loss":1.218289785973301,"Epoch":2,"_step":2,"_wandb":{"runtime":286},"Train Loss":1.221341949296912,"Train Accuracy":1.221341949296912,"_runtime":285.806086616}