{"_timestamp":1.74222760990248e+09,"_step":5,"train loss":1.2241852068971393,"val acc":0.4193238077709853,"_wandb":{"runtime":249},"val loss":1.198924992578145,"epoch":2,"_runtime":249.3900425,"train acc":0.46509882834105365}