{"_timestamp":1.7422308674207482e+09,"_runtime":238.902813341,"_step":5,"loss":{"train":1.221875765330672,"val":1.1578779225832565},"_wandb":{"runtime":239},"acc":{"train":0.44726756048061855,"val":0.4435356074230261}}